{"cameraMode":{"drawMode":0,"name":"Shaded","section":"Shading Mode"},"sceneLighting":false,"audioPlay":false,"sceneViewState":{"showFog":true,"showMaterialUpdate":false,"showSkybox":true,"showFlares":true,"showImageEffects":true,"showParticleSystems":true},"in2DMode":false,"pivot":{"x":-13.800128936767579,"y":18.07422637939453,"z":-43.22309875488281},"rotation":{"x":-0.213138610124588,"y":0.7817258834838867,"z":-0.3607036769390106,"w":-0.4619193375110626},"size":73.38961029052735,"orthographic":false}